[{"@type":"mappingTemplate","id":"@1","name":"Mapping15","description":"","bundleVersion":"0","templateId":"@3","deployTime":1567617797000,"hasParameters":false,"valid":true,"fixedConnection":true,"hasParametersDeployed":false,"fixedConnectionDeployed":true,"tasks":1,"mappingPreviewFileRecordId":"@2","documentType":"","references":[{"@type":"reference","refObjectId":"@3bed8p78hNwgdgZdjZvK8C","refType":"connection"},{"@type":"reference","refObjectId":"@aMHCkk4pV4eehTDwK665wT","refType":"connection"}]}]