[{"@type":"mappingTemplate","id":"@1","name":"m_seqgen_mapped_to_invalid_type","description":"NEXTVAL is mapped to port with invalid type","bundleVersion":"0","templateId":"@3","deployTime":1563912755000,"hasParameters":false,"valid":true,"fixedConnection":true,"hasParametersDeployed":false,"fixedConnectionDeployed":true,"tasks":1,"mappingPreviewFileRecordId":"@2","references":[{"@type":"reference","refObjectId":"@0IyDRftJzWDfKTIifu1E23","refType":"connection"},{"@type":"reference","refObjectId":"@bUKcS4wpRKeeD5et9ENNsA","refType":"connection"}]}]