[{"@type":"mtTask","id":"@1","name":"mct_seqgen_Parameterized_query_Src","description":"Query Source with FF target","runtimeEnvironmentId":"@5CBl81s4ZoUju8s2LD3EEO","maxLogs":10,"verbose":false,"mappingId":"@2JXwjnBKDNzePSSc9e7vIU","shortDescription":"Query Source with FF target","sessionProperties":{},"enableCrossSchemaPushdown":false,"parameters":[{"@type":"mtTaskParameter","id":2331867,"name":"$NewSource$","type":"EXTENDED_SOURCE","label":"","description":"","uiProperties":{"connectionParameterized":"true","logcnx":"SrcConn","isMsrcFilterParameterized":"false","isMsrcSortParameterized":"false","objlabel":"SrcObj","objectParameterized":"true","objDesc":""},"sourceConnectionId":"@bUKcS4wpRKeeD5et9ENNsA","newFlatFile":false,"newObject":false,"showBusinessNames":true,"naturalOrder":true,"truncateTarget":false,"bulkApiDBTarget":false,"customFuncCfg":{"@type":"customFuncConfig","id":-1,"connections":[],"inputMap":[],"outputFields":[]},"tgtFieldRefs":{},"targetUpdateColumns":[],"extendedObject":{"@type":"extendedObject","filters":[],"sortFields":[]},"runtimeAttrs":{},"isRESTModernSource":true,"customQuery":"select F1_STRING, F1_INT, F1_NUMBER, F1_DATE, F1_BOOLEAN from auto_cmd_seqgen_all_dt_src1 where F2_BOOLEAN is null","isFileList":false,"handleSpecialChars":false,"frsAsset":false,"fetchMode":"ORIGINAL","tgtObjectAttributes":{},"runtimeParameterData":{"@type":"mtTaskRuntimeParameterData","isConnectionRuntimeParameter":false,"isObjectRuntimeParameter":false},"overriddenFields":[]},{"@type":"mtTaskParameter","id":2331869,"name":"$NewTarget$","type":"TARGET","label":"","description":"","uiProperties":{"connectionParameterized":"true","logcnx":"TgtConn","objlabel":"TgtObj","objectParameterized":"true","objDesc":"","defaultTargetUpdateColumns":""},"targetConnectionId":"@3bed8p78hNwgdgZdjZvK8C","targetObject":"mct_seqgen_parameterized_query_src.csv","targetObjectLabel":"mct_seqgen_parameterized_query_src.csv","newFlatFile":false,"newObject":true,"showBusinessNames":true,"naturalOrder":true,"newObjectName":"mct_seqgen_parameterized_query_src.csv","truncateTarget":false,"bulkApiDBTarget":false,"customFuncCfg":{"@type":"customFuncConfig","id":-1,"connections":[],"inputMap":[],"outputFields":[]},"tgtFieldRefs":{},"targetUpdateColumns":[],"extendedObject":{"@type":"extendedObject","filters":[],"sortFields":[]},"runtimeAttrs":{},"isRESTModernSource":true,"isFileList":false,"handleSpecialChars":false,"frsAsset":false,"fetchMode":"ORIGINAL","tgtObjectAttributes":{},"runtimeParameterData":{"@type":"mtTaskRuntimeParameterData","isConnectionRuntimeParameter":false,"isObjectRuntimeParameter":false},"overriddenFields":[]}],"sequences":[{"@type":"sequenceDefinition","id":"66531","txName":"NewSequence","initialValue":"1","currentValue":"1"}],"inOutParameters":[],"connRuntimeAttrs":[]}]