[{"@type":"customFunc","id":"@1","name":"mplt_sorter_high_precision","mappletName":"M_Sorter","active":false,"mappletXmlFile":"wf_m_Sorter_HighPrecision.XML","category":"POWERCENTER_MAPPLET","inputs":[{"@type":"field","id":105062267,"name":"In_String","type":"string","uniqueName":"In_String","label":"In_String","parentObject":"mplt_sorter_high_precision","precision":10,"scale":0,"columnIndex":-1,"isKey":false,"isExternalId":false,"isSfIdLookup":false,"isNullable":true,"isUnique":false,"isCreateable":false,"isUpdateable":true,"isFilterable":true,"isCalculated":false,"showLabel":true,"naturalOrder":0,"linkedFields":[],"relatedInfos":[],"references":[]},{"@type":"field","id":105062269,"name":"In_Decimal","type":"decimal","uniqueName":"In_Decimal","label":"In_Decimal","parentObject":"mplt_sorter_high_precision","precision":16,"scale":2,"columnIndex":-1,"isKey":false,"isExternalId":false,"isSfIdLookup":false,"isNullable":true,"isUnique":false,"isCreateable":false,"isUpdateable":true,"isFilterable":true,"isCalculated":false,"showLabel":true,"naturalOrder":0,"linkedFields":[],"relatedInfos":[],"references":[]}],"outputs":[{"@type":"field","id":105062271,"name":"In_String1","type":"string","uniqueName":"In_String1","label":"In_String1","parentObject":"mplt_sorter_high_precision","precision":10,"scale":0,"columnIndex":-1,"isKey":false,"isExternalId":false,"isSfIdLookup":false,"isNullable":true,"isUnique":false,"isCreateable":false,"isUpdateable":true,"isFilterable":true,"isCalculated":false,"showLabel":true,"naturalOrder":0,"linkedFields":[],"relatedInfos":[],"references":[]},{"@type":"field","id":105062273,"name":"In_Decimal1","type":"decimal","uniqueName":"In_Decimal1","label":"In_Decimal1","parentObject":"mplt_sorter_high_precision","precision":16,"scale":2,"columnIndex":-1,"isKey":false,"isExternalId":false,"isSfIdLookup":false,"isNullable":true,"isUnique":false,"isCreateable":false,"isUpdateable":true,"isFilterable":true,"isCalculated":false,"showLabel":true,"naturalOrder":0,"linkedFields":[],"relatedInfos":[],"references":[]}],"connections":[]}]