[{"@type":"mappingTemplate","id":"@1","name":"m_seqgen_with_zero_source_record","description":"seqgen with default properties but source has 0 records","bundleVersion":"0","templateId":"@3","deployTime":1563912764000,"hasParameters":false,"valid":true,"fixedConnection":true,"hasParametersDeployed":false,"fixedConnectionDeployed":true,"tasks":1,"mappingPreviewFileRecordId":"@2","references":[{"@type":"reference","refObjectId":"@0IyDRftJzWDfKTIifu1E23","refType":"connection"},{"@type":"reference","refObjectId":"@3bed8p78hNwgdgZdjZvK8C","refType":"connection"}]}]