[{"@type":"mappingTemplate","id":"@1","name":"Mapping11","description":"","bundleVersion":"0","templateId":"@3","deployTime":1564700162000,"hasParameters":false,"valid":true,"fixedConnection":true,"hasParametersDeployed":false,"fixedConnectionDeployed":true,"tasks":2,"mappingPreviewFileRecordId":"@2","documentType":"","references":[{"@type":"reference","refObjectId":"@0IyDRftJzWDfKTIifu1E23","refType":"connection"},{"@type":"reference","refObjectId":"@3bed8p78hNwgdgZdjZvK8C","refType":"connection"}]}]