[{"@type":"mappingTemplate","id":"@1","name":"m_seqgen_custom_initial_value_reset_disabled","description":"seqgen with custom initial Value and reset disabled","bundleVersion":"0","templateId":"@3","deployTime":1563912754000,"hasParameters":false,"valid":true,"fixedConnection":true,"hasParametersDeployed":false,"fixedConnectionDeployed":true,"tasks":2,"mappingPreviewFileRecordId":"@2","references":[{"@type":"reference","refObjectId":"@3bed8p78hNwgdgZdjZvK8C","refType":"connection"},{"@type":"reference","refObjectId":"@bUKcS4wpRKeeD5et9ENNsA","refType":"connection"}]}]