[{"@type":"pcsTask","id":"@1","name":"pcs_wf_m_mplt_Multi_Trans","runtimeEnvironmentId":"@6eaod8fgwpLbemdBtXJ3Ym","maxLogs":10,"pcXmlFile":"wf_m_mplt_Multi_Trans_Fil_Exp.XML","workflowName":"wf_m_mplt_Multi_Trans_Fil_Exp","sessionName":"s_m_mplt_Multi_Trans_Fil_Exp","mappingName":"m_mplt_Multi_Trans_Fil_Exp","transformations":[{"@type":"pcsTransformation","name":"ALL_DT_ORCL_TGT","type":"ALL_DT_ORCL_TGT","connectionRef":"Ora_PCS_Automation","description":""},{"@type":"pcsTransformation","name":"all_dt_mysql_tgt","type":"all_dt_mysql_tgt","connectionRef":"DSN_MySQL_PCS_Automation","description":""},{"@type":"pcsTransformation","name":"SQ_all_dt_mysql_src","type":"SQ_all_dt_mysql_src","connectionRef":"DSN_MySQL_PCS_Automation","description":""},{"@type":"pcsTransformation","name":"all_dt_mysql_src","type":"all_dt_mysql_src","description":""},{"@type":"pcsTransformation","name":"mplt_Multi_Trans_Fil_Exp","type":"mplt_Multi_Trans_Fil_Exp","description":""}],"connections":[{"@type":"pcsConnection","id":12855,"name":"Ora_PCS_Automation","type":"Relational","subType":"Oracle","connectionId":"@aMHCkk4pV4eehTDwK665wT"},{"@type":"pcsConnection","id":12857,"name":"DSN_MySQL_PCS_Automation","type":"Relational","subType":"ODBC","connectionId":"@59otHe6nOUNf9skLOl6qsD"}]}]