[{"@type":"mappingTemplate","id":"@1","name":"m_seqgen_custom_Increment_by_value","description":"seqgen with custom increment by value of 100","bundleVersion":"0","templateId":"@3","deployTime":1563912755000,"hasParameters":false,"valid":true,"fixedConnection":true,"hasParametersDeployed":false,"fixedConnectionDeployed":true,"tasks":0,"mappingPreviewFileRecordId":"@2","references":[{"@type":"reference","refObjectId":"@3bed8p78hNwgdgZdjZvK8C","refType":"connection"},{"@type":"reference","refObjectId":"@bUKcS4wpRKeeD5et9ENNsA","refType":"connection"}]}]