[{"@type":"mappingTemplate","id":"@1","name":"m_seqgen_optional_pipeline","description":"Seqgen used in pipeline is optional and honored in mapping generation","bundleVersion":"0","templateId":"@3","deployTime":1563912760000,"hasParameters":false,"valid":true,"fixedConnection":true,"hasParametersDeployed":false,"fixedConnectionDeployed":true,"tasks":1,"mappingPreviewFileRecordId":"@2","references":[{"@type":"reference","refObjectId":"@3bed8p78hNwgdgZdjZvK8C","refType":"connection"},{"@type":"reference","refObjectId":"@bUKcS4wpRKeeD5et9ENNsA","refType":"connection"}]}]