[{"@type":"mappingTemplate","id":"@1","name":"m_seqgen_with_mapplet_src","description":"SeqGen with default properties and mapplet source is used instead of regular source","bundleVersion":"0","templateId":"@3","deployTime":1563912759000,"hasParameters":false,"valid":true,"fixedConnection":true,"hasParametersDeployed":false,"fixedConnectionDeployed":true,"tasks":1,"mappingPreviewFileRecordId":"@2","references":[{"@type":"reference","refObjectId":"@3bed8p78hNwgdgZdjZvK8C","refType":"connection"},{"@type":"reference","refObjectId":"@bUKcS4wpRKeeD5et9ENNsA","refType":"connection"},{"@type":"reference","refObjectId":"@6hA9sKP901MfrQJEXVbnWg","refType":"customFunc"}]}]