[{"@type":"customFunc","id":"@1","name":"mplt_ci_expr22","mappletName":"mplt_ci_expr","active":false,"mappletXmlFile":"mplt_ci_expr.XML","category":"POWERCENTER_MAPPLET","inputs":[{"@type":"field","id":105062717,"name":"INT","type":"integer","uniqueName":"INT","label":"INT","parentObject":"mplt_ci_expr22","precision":10,"scale":0,"columnIndex":-1,"isKey":false,"isExternalId":false,"isSfIdLookup":false,"isNullable":true,"isUnique":false,"isCreateable":false,"isUpdateable":true,"isFilterable":true,"isCalculated":false,"showLabel":true,"naturalOrder":0,"linkedFields":[],"relatedInfos":[],"references":[]},{"@type":"field","id":105062719,"name":"DECIMAL","type":"decimal","uniqueName":"DECIMAL","label":"DECIMAL","parentObject":"mplt_ci_expr22","precision":15,"scale":3,"columnIndex":-1,"isKey":false,"isExternalId":false,"isSfIdLookup":false,"isNullable":true,"isUnique":false,"isCreateable":false,"isUpdateable":true,"isFilterable":true,"isCalculated":false,"showLabel":true,"naturalOrder":0,"linkedFields":[],"relatedInfos":[],"references":[]},{"@type":"field","id":105062721,"name":"STRING1","type":"string","uniqueName":"STRING1","label":"STRING1","parentObject":"mplt_ci_expr22","precision":255,"scale":0,"columnIndex":-1,"isKey":false,"isExternalId":false,"isSfIdLookup":false,"isNullable":true,"isUnique":false,"isCreateable":false,"isUpdateable":true,"isFilterable":true,"isCalculated":false,"showLabel":true,"naturalOrder":0,"linkedFields":[],"relatedInfos":[],"references":[]},{"@type":"field","id":105062723,"name":"STRING2","type":"string","uniqueName":"STRING2","label":"STRING2","parentObject":"mplt_ci_expr22","precision":255,"scale":0,"columnIndex":-1,"isKey":false,"isExternalId":false,"isSfIdLookup":false,"isNullable":true,"isUnique":false,"isCreateable":false,"isUpdateable":true,"isFilterable":true,"isCalculated":false,"showLabel":true,"naturalOrder":0,"linkedFields":[],"relatedInfos":[],"references":[]},{"@type":"field","id":105062725,"name":"DATE","type":"date/time","uniqueName":"DATE","label":"DATE","parentObject":"mplt_ci_expr22","precision":29,"scale":9,"columnIndex":-1,"isKey":false,"isExternalId":false,"isSfIdLookup":false,"isNullable":true,"isUnique":false,"isCreateable":false,"isUpdateable":true,"isFilterable":true,"isCalculated":false,"showLabel":true,"naturalOrder":0,"linkedFields":[],"relatedInfos":[],"references":[]},{"@type":"field","id":105062727,"name":"NEWFIELD","type":"string","uniqueName":"NEWFIELD","label":"NEWFIELD","parentObject":"mplt_ci_expr22","precision":10,"scale":0,"columnIndex":-1,"isKey":false,"isExternalId":false,"isSfIdLookup":false,"isNullable":true,"isUnique":false,"isCreateable":false,"isUpdateable":true,"isFilterable":true,"isCalculated":false,"showLabel":true,"naturalOrder":0,"linkedFields":[],"relatedInfos":[],"references":[]}],"outputs":[{"@type":"field","id":105062729,"name":"OUT_INT","type":"integer","uniqueName":"OUT_INT","label":"OUT_INT","parentObject":"mplt_ci_expr22","precision":10,"scale":0,"columnIndex":-1,"isKey":false,"isExternalId":false,"isSfIdLookup":false,"isNullable":true,"isUnique":false,"isCreateable":false,"isUpdateable":true,"isFilterable":true,"isCalculated":false,"showLabel":true,"naturalOrder":0,"linkedFields":[],"relatedInfos":[],"references":[]},{"@type":"field","id":105062731,"name":"OUT_DECIMAL","type":"decimal","uniqueName":"OUT_DECIMAL","label":"OUT_DECIMAL","parentObject":"mplt_ci_expr22","precision":15,"scale":3,"columnIndex":-1,"isKey":false,"isExternalId":false,"isSfIdLookup":false,"isNullable":true,"isUnique":false,"isCreateable":false,"isUpdateable":true,"isFilterable":true,"isCalculated":false,"showLabel":true,"naturalOrder":0,"linkedFields":[],"relatedInfos":[],"references":[]},{"@type":"field","id":105062733,"name":"OUT_STRING1","type":"string","uniqueName":"OUT_STRING1","label":"OUT_STRING1","parentObject":"mplt_ci_expr22","precision":10,"scale":0,"columnIndex":-1,"isKey":false,"isExternalId":false,"isSfIdLookup":false,"isNullable":true,"isUnique":false,"isCreateable":false,"isUpdateable":true,"isFilterable":true,"isCalculated":false,"showLabel":true,"naturalOrder":0,"linkedFields":[],"relatedInfos":[],"references":[]},{"@type":"field","id":105062735,"name":"OUT_STRING2","type":"string","uniqueName":"OUT_STRING2","label":"OUT_STRING2","parentObject":"mplt_ci_expr22","precision":10,"scale":0,"columnIndex":-1,"isKey":false,"isExternalId":false,"isSfIdLookup":false,"isNullable":true,"isUnique":false,"isCreateable":false,"isUpdateable":true,"isFilterable":true,"isCalculated":false,"showLabel":true,"naturalOrder":0,"linkedFields":[],"relatedInfos":[],"references":[]},{"@type":"field","id":105062737,"name":"OUT_DATE","type":"date/time","uniqueName":"OUT_DATE","label":"OUT_DATE","parentObject":"mplt_ci_expr22","precision":29,"scale":9,"columnIndex":-1,"isKey":false,"isExternalId":false,"isSfIdLookup":false,"isNullable":true,"isUnique":false,"isCreateable":false,"isUpdateable":true,"isFilterable":true,"isCalculated":false,"showLabel":true,"naturalOrder":0,"linkedFields":[],"relatedInfos":[],"references":[]},{"@type":"field","id":105062739,"name":"OUT_NEWFIELD","type":"string","uniqueName":"OUT_NEWFIELD","label":"OUT_NEWFIELD","parentObject":"mplt_ci_expr22","precision":10,"scale":0,"columnIndex":-1,"isKey":false,"isExternalId":false,"isSfIdLookup":false,"isNullable":true,"isUnique":false,"isCreateable":false,"isUpdateable":true,"isFilterable":true,"isCalculated":false,"showLabel":true,"naturalOrder":0,"linkedFields":[],"relatedInfos":[],"references":[]}],"connections":[]}]