[{"@type":"pcsTask","id":"@1","name":"pcs_xml_reader","runtimeEnvironmentId":"@6eaod8fgwpLbemdBtXJ3Ym","maxLogs":10,"pcXmlFile":"wf_xml_bookstore.XML","workflowName":"wf_xml_bookstore","sessionName":"s_m_xml_bookstore","mappingName":"m_xml_bookstore","transformations":[{"@type":"pcsTransformation","name":"BookStore_tgt","type":"BookStore_tgt","description":""},{"@type":"pcsTransformation","name":"BookStore","type":"BookStore","description":""},{"@type":"pcsTransformation","name":"XMLDSQ_BookStore","type":"XMLDSQ_BookStore","description":""}],"connections":[]}]