[{"@type":"mappingTemplate","id":"@1","name":"m_seqgen_mapped_to_port_overflow","description":"NEXTVAL is mapped to port with fix size and initial value is set so that integer limit is hit","bundleVersion":"0","templateId":"@3","deployTime":1563912762000,"hasParameters":false,"valid":true,"fixedConnection":true,"hasParametersDeployed":false,"fixedConnectionDeployed":true,"tasks":1,"mappingPreviewFileRecordId":"@2","references":[{"@type":"reference","refObjectId":"@3bed8p78hNwgdgZdjZvK8C","refType":"connection"},{"@type":"reference","refObjectId":"@bUKcS4wpRKeeD5et9ENNsA","refType":"connection"}]}]