[{"@type":"mappingTemplate","id":"@1","name":"m_seqgen_optional_enabled_ports_unused","description":"Optional flag enabled for seqgen and o/p ports are not mapped - Fields are unmapped using the target Incoming rules","bundleVersion":"0","templateId":"@3","deployTime":1563912756000,"hasParameters":false,"valid":true,"fixedConnection":true,"hasParametersDeployed":false,"fixedConnectionDeployed":true,"tasks":1,"mappingPreviewFileRecordId":"@2","references":[{"@type":"reference","refObjectId":"@3bed8p78hNwgdgZdjZvK8C","refType":"connection"},{"@type":"reference","refObjectId":"@bUKcS4wpRKeeD5et9ENNsA","refType":"connection"}]}]