[{"@type":"mappingTemplate","id":"@1","name":"m_union_sorter_distinct_records","description":"Duplicate records will be removed before target load using the Sorter distinct option","bundleVersion":"0","templateId":"@3","deployTime":1563390791000,"hasParameters":false,"valid":true,"fixedConnection":true,"hasParametersDeployed":false,"fixedConnectionDeployed":true,"tasks":1,"mappingPreviewFileRecordId":"@2","references":[{"@type":"reference","refObjectId":"@0IyDRftJzWDfKTIifu1E23","refType":"connection"},{"@type":"reference","refObjectId":"@bUKcS4wpRKeeD5et9ENNsA","refType":"connection"}]}]