[{"@type":"mappingTemplate","id":"@1","name":"m_seqgen_same_source_multi_target","description":"Same seqgen and Source is used for multi-target","bundleVersion":"0","templateId":"@3","deployTime":1563912756000,"hasParameters":false,"valid":true,"fixedConnection":true,"hasParametersDeployed":false,"fixedConnectionDeployed":true,"tasks":1,"mappingPreviewFileRecordId":"@2","references":[{"@type":"reference","refObjectId":"@3bed8p78hNwgdgZdjZvK8C","refType":"connection"},{"@type":"reference","refObjectId":"@bUKcS4wpRKeeD5et9ENNsA","refType":"connection"}]}]