[{"@type":"mappingTemplate","id":"@1","name":"m_seqgen_2_diff_Src_multi_target","description":"Same seqgen and 2 different source is used for multi-target","bundleVersion":"0","templateId":"@3","deployTime":1563912764000,"hasParameters":false,"valid":true,"fixedConnection":true,"hasParametersDeployed":false,"fixedConnectionDeployed":true,"tasks":0,"mappingPreviewFileRecordId":"@2","references":[{"@type":"reference","refObjectId":"@3bed8p78hNwgdgZdjZvK8C","refType":"connection"},{"@type":"reference","refObjectId":"@bUKcS4wpRKeeD5et9ENNsA","refType":"connection"}]}]