[{"@type":"pcsTask","id":"@1","name":"pcs_mplt_db_lookup","description":"version23","runtimeEnvironmentId":"@6eaod8fgwpLbemdBtXJ3Ym","maxLogs":10,"pcXmlFile":"wf_m_DB_ALLDT_DB_mplt_db_lkp_conn.XML","workflowName":"wf_m_DB_ALLDT_DB_mplt_db_lkp","sessionName":"s_m_DB_ALLDT_DB_mplt_db_lkp","mappingName":"m_DB_ALLDT_DB_mplt_db_lkp","transformations":[{"@type":"pcsTransformation","name":"MTT_ALLDATATYPES_SRC__C1","type":"MTT_ALLDATATYPES_SRC__C1","connectionRef":"Con_SK_Vespa","description":""},{"@type":"pcsTransformation","name":"mtt_alldatatypes_src__c","type":"mtt_alldatatypes_src__c","description":""},{"@type":"pcsTransformation","name":"SQ_mtt_alldatatypes_src__c","type":"SQ_mtt_alldatatypes_src__c","connectionRef":"Con_SK_Insplash","description":""},{"@type":"pcsTransformation","name":"mplt_ADT_db_lkp","type":"mplt_ADT_db_lkp","description":""}],"connections":[{"@type":"pcsConnection","id":12849,"name":"Con_SK_Vespa","type":"Relational","subType":"Oracle","connectionId":"@aMHCkk4pV4eehTDwK665wT"},{"@type":"pcsConnection","id":12851,"name":"Con_SK_Insplash","type":"Relational","subType":"Oracle","connectionId":"@a1d0eHmRhoGeoEcq023fq1"},{"@type":"pcsConnection","id":12853,"name":"Con_MySQL_in174912","type":"Relational","subType":"ODBC","connectionId":"@59otHe6nOUNf9skLOl6qsD"}]}]