[{"@type":"pcsTask","id":"@1","name":"pcs_wf_m_multi_tgt_diff_operation","runtimeEnvironmentId":"@6eaod8fgwpLbemdBtXJ3Ym","maxLogs":10,"pcXmlFile":"wf_m_multi_tgt_diff_operation_fieldmap.XML","workflowName":"wf_m_multi_tgt_diff_operation_fieldmap","sessionName":"s_m_multi_tgt_diff_operation_fieldmap","mappingName":"m_multi_tgt_diff_operation_fieldmap","transformations":[{"@type":"pcsTransformation","name":"prod_alldatatypes_src__c","type":"prod_alldatatypes_src__c","connectionRef":"DSN_MySQL_shantosh","description":""},{"@type":"pcsTransformation","name":"prod_alldatatypes_src__c1","type":"prod_alldatatypes_src__c1","connectionRef":"DSN_MySQL_shantosh","description":""},{"@type":"pcsTransformation","name":"alldatatypes_src__c","type":"alldatatypes_src__c","description":""},{"@type":"pcsTransformation","name":"SQ_alldatatypes_src__c","type":"SQ_alldatatypes_src__c","connectionRef":"DSN_MySQL_shantosh","description":""},{"@type":"pcsTransformation","name":"EXPTRANS","type":"EXPTRANS","description":""},{"@type":"pcsTransformation","name":"UPDTRANS","type":"UPDTRANS","description":""},{"@type":"pcsTransformation","name":"UPDTRANS1","type":"UPDTRANS1","description":""}],"connections":[{"@type":"pcsConnection","id":12863,"name":"DSN_MySQL_shantosh","type":"Relational","subType":"ODBC","connectionId":"@59otHe6nOUNf9skLOl6qsD"}]}]