[{"@type":"mappingTemplate","id":"@1","name":"m_2_sorters_in_same_pipeline","description":"Lookup on similar table and change the sort data","bundleVersion":"0","templateId":"@3","deployTime":1563390792000,"hasParameters":false,"valid":true,"fixedConnection":true,"hasParametersDeployed":false,"fixedConnectionDeployed":true,"tasks":1,"mappingPreviewFileRecordId":"@2","references":[{"@type":"reference","refObjectId":"@3bed8p78hNwgdgZdjZvK8C","refType":"connection"},{"@type":"reference","refObjectId":"@bUKcS4wpRKeeD5et9ENNsA","refType":"connection"}]}]