[{"@type":"mappingTemplate","id":"@1","name":"m_mplt_sorter_high_precision","description":"","bundleVersion":"0","templateId":"@3","deployTime":1563390794000,"hasParameters":false,"valid":true,"fixedConnection":true,"hasParametersDeployed":false,"fixedConnectionDeployed":true,"tasks":1,"mappingPreviewFileRecordId":"@2","references":[{"@type":"reference","refObjectId":"@3bed8p78hNwgdgZdjZvK8C","refType":"connection"},{"@type":"reference","refObjectId":"@bUKcS4wpRKeeD5et9ENNsA","refType":"connection"},{"@type":"reference","refObjectId":"@12hPFUVtZMsdVR7MZjmQ2s","refType":"customFunc"}]}]