[{"@type":"mappingTemplate","id":"@1","name":"m_seqgen_DB_Tgt","description":"SeqGen NEXTVAL is stored in DB integer","bundleVersion":"0","templateId":"@3","deployTime":1563912764000,"hasParameters":false,"valid":true,"fixedConnection":true,"hasParametersDeployed":false,"fixedConnectionDeployed":true,"tasks":0,"mappingPreviewFileRecordId":"@2","references":[{"@type":"reference","refObjectId":"@0IyDRftJzWDfKTIifu1E23","refType":"connection"},{"@type":"reference","refObjectId":"@bUKcS4wpRKeeD5et9ENNsA","refType":"connection"}]}]