[{"@type":"mappingTemplate","id":"@1","name":"m_aggr_followed_by_sorter_distinct_flag","description":"","bundleVersion":"0","templateId":"@3","deployTime":1563390795000,"hasParameters":false,"valid":true,"fixedConnection":true,"hasParametersDeployed":false,"fixedConnectionDeployed":true,"tasks":0,"mappingPreviewFileRecordId":"@2","references":[{"@type":"reference","refObjectId":"@3bed8p78hNwgdgZdjZvK8C","refType":"connection"},{"@type":"reference","refObjectId":"@bUKcS4wpRKeeD5et9ENNsA","refType":"connection"}]}]