[{"@type":"mtTask","id":"@1","name":"mct_m_seqgen_custom_initial_value_in_mct_reset_enabled","description":"Run task twice - Initial value is reset to 100 in MCT","runtimeEnvironmentId":"@5CBl81s4ZoUju8s2LD3EEO","maxLogs":10,"verbose":false,"mappingId":"@9HnY6aNYJzjgP2cVprWvSN","shortDescription":"Run task twice - Initial value is reset to 100 in ...","sessionProperties":{},"enableCrossSchemaPushdown":false,"parameters":[{"@type":"mtTaskParameter","id":2331875,"name":"$NewSource$","type":"EXTENDED_SOURCE","label":"NewSource","uiProperties":{"connectionParameterized":"false","isMsrcFilterParameterized":"false","isMsrcSortParameterized":"false","objectParameterized":"false","visible":"false"},"sourceConnectionId":"@bUKcS4wpRKeeD5et9ENNsA","newFlatFile":false,"newObject":false,"showBusinessNames":false,"naturalOrder":true,"truncateTarget":false,"bulkApiDBTarget":false,"customFuncCfg":{"@type":"customFuncConfig","id":-1,"connections":[],"inputMap":[],"outputFields":[]},"tgtFieldRefs":{},"targetUpdateColumns":[],"extendedObject":{"@type":"extendedObject","object":{"@type":"mObject","name":"auto_cmd_seqgen_all_dt_src1","label":"auto_cmd_seqgen_all_dt_src1","metadataUpdated":false,"relations":[],"children":[]},"filters":[],"sortFields":[]},"runtimeAttrs":{},"isRESTModernSource":true,"isFileList":false,"handleSpecialChars":false,"frsAsset":false,"fetchMode":"ORIGINAL","tgtObjectAttributes":{},"runtimeParameterData":{"@type":"mtTaskRuntimeParameterData","isConnectionRuntimeParameter":false,"isObjectRuntimeParameter":false},"overriddenFields":[]},{"@type":"mtTaskParameter","id":2331877,"name":"$NewTarget$","type":"TARGET","label":"NewTarget","uiProperties":{"connectionParameterized":"false","objectParameterized":"false","visible":"false","defaultTargetUpdateColumns":""},"targetConnectionId":"@3bed8p78hNwgdgZdjZvK8C","targetObject":"m_seqgen_custom_initial_value_reset_enabled.csv","targetObjectLabel":"m_seqgen_custom_initial_value_reset_enabled.csv","newFlatFile":false,"newObject":true,"showBusinessNames":false,"naturalOrder":true,"newObjectName":"m_seqgen_custom_initial_value_reset_enabled.csv","truncateTarget":false,"bulkApiDBTarget":false,"operationType":"Insert","tgtFFAttrs":{"@type":"flatFileAttrs","id":573605,"delimiter":",","textQualifier":"\"","escapeChar":"","headerLineNo":1},"customFuncCfg":{"@type":"customFuncConfig","id":-1,"connections":[],"inputMap":[],"outputFields":[]},"tgtFieldRefs":{},"targetUpdateColumns":[],"extendedObject":{"@type":"extendedObject","filters":[],"sortFields":[]},"runtimeAttrs":{},"isRESTModernSource":true,"isFileList":false,"handleSpecialChars":false,"frsAsset":false,"fetchMode":"ORIGINAL","tgtObjectAttributes":{},"runtimeParameterData":{"@type":"mtTaskRuntimeParameterData","isConnectionRuntimeParameter":false,"isObjectRuntimeParameter":false},"overriddenFields":[]}],"sequences":[{"@type":"sequenceDefinition","id":"66535","txName":"NewSequence","initialValue":"1000","currentValue":"1000"}],"inOutParameters":[],"connRuntimeAttrs":[]}]